id,title,spoonacular_recipe_id,recipe_title
fc89b8be-980a-44d6-95d1-11e550fb1412,"$50,000 Burger",631814,"$50,000 Burger"
0600d4d3-8eef-4550-b42d-493431ffbf9c,10-Minute Bean Stew,631834,10-Minute Bean Stew
1ad68fd3-1b8f-4c6a-91e3-98ee7abeffa2,Agedashi Tofu,632017,Agedashi Tofu
30e0a5ba-9fca-40ad-9b8f-59cde6fa8399,Alaskan Smoked Salmon Nicoise Salad With Alouette Crumbled Feta,632046,Alaskan Smoked Salmon Nicoise Salad With Alouette Crumbled Feta
ce061558-de22-4574-8dbd-4c88bed02f90,Albondigas (Meatball Soup),632050,Albondigas (Meatball Soup)
61f10ea0-2824-4bc2-b07b-3db2100897d5,Amatriciana,632297,Amatriciana
438ba7a1-3a4f-49cc-8056-8785606d3f02,An American Beef Burger,632342,An American Beef Burger
73505f2c-1e23-4486-9051-06eb89ce7a62,Andouille Sausage and Potato Hash,632353,Andouille Sausage and Potato Hash
e029ed5d-f947-4bca-a868-59edd0c5f606,Arroz De Galinha (Reinvented),632741,Arroz De Galinha (Reinvented)
07abc3b5-6d4e-4b0b-be24-10b25e82e3bb,Asian Chickpea Lettuce Wraps,632819,Asian Chickpea Lettuce Wraps
8ba0bfec-4e19-4029-b093-0617fe5a5d1a,Asian Pork Salad,632869,Asian Pork Salad
cc38a4c8-d8c0-49e3-9d0d-12de8ae29ea7,Asparagus & Ham Spirals,632908,Asparagus & Ham Spirals
80a74e2f-62f1-421a-a718-d60eff597790,Aubergine With Ground Beef,633028,Aubergine With Ground Beef
7712e433-1610-4372-a5eb-016898f1314a,Avocado & Tomato Salad Topped with Grilled Shrimp,633119,Avocado & Tomato Salad Topped with Grilled Shrimp
23afee07-9958-4b0d-900c-f5d9dd3c5941,Avocado and Cannellini Bean Salad,633120,Avocado and Cannellini Bean Salad
5a5dddbb-637c-496b-92c8-e78c4638b74a,Avocado Egg Salad,1512847,Avocado Egg Salad
02ad66eb-6b09-4e32-8735-5c3b214727ed,Avocado Nests,633144,Avocado Nests
36357d76-ed6a-4bca-96b7-d5114b73bf68,Avocado Shrimp,633157,Avocado Shrimp
20946666-bd2a-4cf9-b6c1-7ee04cfebc0d,Avocado Sweet Lassi - How to make Avocado Lassi - Indian Avocado,1681409,Avocado Sweet Lassi - How to make Avocado Lassi - Indian Avocado
21e6088d-dcf8-47e1-8a16-15900faa4e32,"Avocado Toast With Caramelized Sweet Onion, Grape Tomatoes, Fresh Garden Chives and Chive Blossoms",633160,"Avocado Toast With Caramelized Sweet Onion, Grape Tomatoes, Fresh Garden Chives and Chive Blossoms"
83075302-b9aa-4705-ab4b-f4ba59e88921,Avocado Tomato & Mozzarella Panini,633165,Avocado Tomato & Mozzarella Panini
53f4c4b1-2df1-411a-be4c-a77e852dab1f,Avocado Tomato & Mozzarella Panini/sandwiches,633167,Avocado Tomato & Mozzarella Panini/sandwiches
05f905ac-7f84-4f27-a560-f1ad36cb3365,Baked Cherry Tomatoes With Spaghetti,633505,Baked Cherry Tomatoes With Spaghetti
ac162e87-1f22-4da3-9239-2feb80e04708,Baked Ravioli & Meat Sauce,633752,Baked Ravioli & Meat Sauce
a8a557ce-8f95-4134-a1a6-b70ec672ccbe,Baked Rice Custard,633758,Baked Rice Custard
87e97d55-b860-46ab-a12f-d3e48a892b28,Baked Whole Wheat Breakfast Quesadilla,679540,Baked Whole Wheat Breakfast Quesadilla
4bd749b5-cbcc-43dd-8f41-1d1160d1fd08,Balti Chicken,633959,Balti Chicken
9b79acdf-a991-4886-9c35-934bcd5f8891,Banana Chocolate Pudding,634048,Banana Chocolate Pudding
a2a83225-c637-422a-929e-ff18b8afe5d2,Barbecued Pulled Beef Sandwiches,634320,Barbecued Pulled Beef Sandwiches
0a8b0282-c9f6-46ff-87bc-f2db5b97a054,Basque Paella,634454,Basque Paella
040fb664-9004-46c2-8e01-6239fd11a131,BBQ Gochujang Cauliflower Fried Rice,984198,BBQ Gochujang Cauliflower Fried Rice
a9172275-8bfe-475f-b33f-d16fc404bc87,Bbq Pork Steak,634509,Bbq Pork Steak
fcfb8f5d-238a-4679-b95b-edd367610ed2,Bean and Cheese Huevos Rancheros,634514,Bean and Cheese Huevos Rancheros
4473548a-04d2-421d-ab3b-d9b9105b1187,Beef and Vegetable Penne Casserole,634582,Beef and Vegetable Penne Casserole
7c8c131d-be8c-4a09-8868-f6d6ea141028,Beef Lo Mein Noodles,634629,Beef Lo Mein Noodles
6e384f7f-e852-46e7-999a-88ce874a1994,Beef rolls with vegetables,634658,Beef rolls with vegetables
57ec8217-a78b-4774-97bf-de23fa54cbb5,Beefy Coconutty Curry,470064,Beefy Coconutty Curry
5e1ed692-603c-46da-9025-8682e8b19153,Beginner's Quinoa Cakes,264382,Beginner's Quinoa Cakes
5319047b-f791-4ae3-9356-f94eb58b2b2e,Berry Frozen Yogurt Popsicles,1098299,Berry Frozen Yogurt Popsicles
d5963462-d9d3-43a4-a9ca-ce5e061352c2,Berry Good Brie,634862,Berry Good Brie
cca53887-09dd-4615-8b4f-7bebcb307444,Berry Jam,634859,Berry Jam
17d88a35-430b-43e6-b606-0443ba2f3cf0,Berry-licious Smoothie Bowl,715393,Berry-licious Smoothie Bowl
3be29080-02cc-4218-81ea-f1bd3303f7bd,Beverages,715742,Beverages
1435607c-a0fb-4fe8-9e6d-b7cead19b877,Bibimbab (Korean Rice w Vegetables & Beef),649031,Korean Bibimbab (Rice w Vegetables & Beef)
796bb82d-f4fe-4846-a2a2-ffacecb4755c,Bison Tofu Lettuce Wraps,635018,Bison Tofu Lettuce Wraps
997776f0-984f-4b4f-bef6-7d85b3d3e991,Black Bean and Cheese Stuffed Bell Peppers,635055,Black Bean and Cheese Stuffed Bell Peppers
1a676461-d17e-431a-8485-dfdd9533044a,Blackberry Bread Pudding,635186,Blackberry Bread Pudding
6b1a96ea-e404-49aa-a356-62dd34a19a0e,Blackberry Smash Pink Lemonade Pops,635243,Blackberry Smash Pink Lemonade Pops
08e4f8cb-385a-446e-b72d-0b31b5b6194e,BLT Sandwich,635342,BLT Sandwich
fdde528e-ee5c-4aa4-b46b-acb7f7e9a43f,Blueberry Muffins With Streusel Topping,635501,Blueberry Muffins With Streusel Topping
57f7765b-0aa0-4ed3-ab6f-a9d6f5591432,Boozy Bbq Chicken,635675,Boozy Bbq Chicken
5881e040-9484-4421-b942-dc8e99b8327d,Boudin,635701,Boudin
66b74aab-eefa-43ec-a557-b2fe91a895cf,Boudin Sausage,635708,Boudin Sausage
4e475d6f-6a55-4541-b104-1f9fcbf9caaa,Braised Bean Curds,635795,Braised Bean Curds
f7e7cf80-4020-4115-a8a1-7d777798cf25,Braised Ridged Gourd With Beancurd Skin,635867,Braised Ridged Gourd With Beancurd Skin
6f92ba57-3910-47d9-a3d1-e925fd9ac078,Breakfast Tacos,511748,Breakfast Tacos
5e1c6af8-11be-404b-9116-cf16a2976a94,Brown Rice Mushroom Pilaf,636292,Brown Rice Mushroom Pilaf
298178f8-a67f-4b0d-b9cf-a852477e1791,Brown Rice Vegetable Pulao,636295,Brown Rice Vegetable Pulao
10be4c96-8f04-4c31-a6ce-5f213d4abcb7,Bunny Eggs Kids Breakfast,636458,Bunny Eggs Kids Breakfast
6650861e-e25f-4dae-ae2d-2b0658ea05e5,Butternut Squash Tofu Salad With Toasted Hazelnuts,636604,Butternut Squash Tofu Salad With Toasted Hazelnuts
0a853339-bba7-4191-b0a8-08ce35d297fb,Caramelized Tofu & Gala Apple Salad,637067,Caramelized Tofu & Gala Apple Salad
9819ffde-26b7-43ad-ba09-a2acf9cbc35e,Cauliflower Chickpea Stew,637297,Cauliflower Chickpea Stew
13528b97-bae0-4727-a653-302ab38dfce2,Cavatappi pasta with salmon crab surimi,637325,Cavatappi pasta with salmon crab surimi
b11d4282-6e0c-4f73-b64b-5b040eefba17,Cavatelli With Red and Green Chard,637327,Cavatelli With Red and Green Chard
6f478307-5926-474a-919b-33ad7d4736e2,Cedar-Planked Salmon With Mustard Dill Sauce,637335,Cedar-Planked Salmon With Mustard Dill Sauce
7eb07186-6f41-4512-a21a-468bc6072fec,Cheesy Chicken Enchilada Quinoa Casserole,715421,Cheesy Chicken Enchilada Quinoa Casserole
7c91ac5c-841b-46dc-b89d-fbbc252a2e4f,Cheesy Ham and Shrimp Macaroni Au Gratin,637658,Cheesy Ham and Shrimp Macaroni Au Gratin
0d423c75-210f-449a-9421-23ad0a39c6f5,Cheesy Pasta in a Pot,637670,Cheesy Pasta in a Pot
65cb3d5e-9e1e-4622-842b-0f39f804bd8c,Cheesy Picante Beef Macaroni,637672,Cheesy Picante Beef Macaroni
3b7cc47e-780d-4844-b076-b406439a625d,Cheesy Stuffed Bell Pepper Casserole,637686,Cheesy Stuffed Bell Pepper Casserole
53477966-8606-48b3-a2bb-8b2cd05ca8ab,Cherry Berry Coconut Almond Smoothie Bowl,679539,Cherry Berry Coconut Almond Smoothie Bowl
c7cfca21-cb69-4b1e-b920-194fc5bc52cb,Chicka Chicka Chickpea Salad,637846,Chicka Chicka Chickpea Salad
310f8461-c76d-4cb5-8fea-0496ff716d82,Chicken Arrozcaldo,637942,Chicken Arrozcaldo
3c062a3e-027b-4f04-bee6-05150e5d5200,"Chicken Avocado Burger (Whole 30, PALEO, & Simple Fit Forty)",780000,"Chicken Avocado Burger (Whole 30, PALEO, & Simple Fit Forty)"
6b258d31-8009-4956-a1e5-2187f25f9db1,Chicken Enchilada Salad Wraps,638074,Chicken Enchilada Salad Wraps
0803e981-417b-4f99-b833-3a2614dfda9d,Chicken in a Basil Cream Sauce,638118,Chicken in a Basil Cream Sauce
005a1105-467f-4028-b198-054eb11446b7,Chicken Kale Bake,638148,Chicken Kale Bake
51436f3d-84d5-47d5-883f-cf3cc951ad72,Chicken Piri Piri with Spicy Rice,638252,Chicken Piri Piri with Spicy Rice
99e94f2d-057b-4d39-a61c-3e380d38c4de,"Chicken Rollintini with Pesto, Baby Spinach & Brown Rice",638289,"Chicken Rollintini with Pesto, Baby Spinach & Brown Rice"
e6269991-661c-44b1-a88c-e383f17bab27,Chicken Spaghettini With Fried Capers,638338,Chicken Spaghettini With Fried Capers
42ec8dc6-6bb9-4611-9092-527c0575d245,Chicken Suya,716342,Chicken Suya
6a38620c-e155-4e53-a348-7714e06bec33,Chili and Garlic Spiced Beef and Broccoli Stir Fry,638549,Chili and Garlic Spiced Beef and Broccoli Stir Fry
29913ebb-9242-4982-8bd4-aa031c3a5626,Chinese Steamed Flan,638717,Chinese Steamed Flan
532f7313-896f-4cd2-9a3b-2449a9be1264,Chipotle Fried Egg Avocado Toast,803366,Chipotle Fried Egg Avocado Toast
276c03f0-65b5-48b0-a2c3-3a4666bebf9e,Chock Full Of Broccoli Soup,638780,Chock Full Of Broccoli Soup
abec0a46-138a-4b1b-890f-84771677d980,Chocolate Strawberry Fudge Cake,639212,Chocolate Strawberry Fudge Cake
a4168d14-0dd1-49f3-a41f-c28f38e58a64,Chorizo and Cheese Crostini,639318,Chorizo and Cheese Crostini
a1fae99e-6a9a-4a6a-8db9-adb1fbf00a13,"Chorizo, Bacon, Mushroom and Pea Pasta",639337,"Chorizo, Bacon, Mushroom and Pea Pasta"
f06a86b9-d7eb-4681-af47-f5c1c4eb0da8,Cilantro Tofu Bean Burgers,639430,Cilantro Tofu Bean Burgers
58f51ce7-ccc5-4304-ae15-a83f203e096d,classic beef burgundy,639567,classic beef burgundy
b5eefb22-1cab-4189-a40f-d27a0edfcd7d,Collard Greens With Bacon,13265,Collard Greens With Bacon
afa12773-5336-4cb7-bc94-8afe18399c34,Copycat Chick Fil A Chicken Salad,1504225,Copycat Chick Fil A Chicken Salad
4ee691cc-3594-4a7a-8c95-444b56d8c7d8,Corn-Crusted Fish Tacos With Jalapeno-Lime Sauce and Spicy Black Beans,640117,Corn-Crusted Fish Tacos With Jalapeno-Lime Sauce and Spicy Black Beans
27870f98-73ec-40e8-bfa7-3b50d28657ac,Coulibiac Of Salmon,640190,Coulibiac Of Salmon
edcb1df5-aaba-4125-95a3-5f122fe3ffb7,Country Breakfast: Tofu and Veggie Scramble With Home Fries,640194,Country Breakfast: Tofu and Veggie Scramble With Home Fries
31e76686-795d-479e-8c4b-b6d94c4d5f6d,Cous Cous Tofu Salad With Creamy Herb Dressing,640229,Cous Cous Tofu Salad With Creamy Herb Dressing
0a79e965-530a-4fdb-ad44-e4944f95508c,Crab Stacks,640321,Crab Stacks
dfedf094-6276-4161-8f75-56d6df76aeae,Crawfish Cake Sliders,640461,Crawfish Cake Sliders
1adb4455-4ff3-429c-bf49-0ce057e2c7c2,Cream Cheese with Sun Dried Tomatoes and Pesto Pastry,640513,Cream Cheese with Sun Dried Tomatoes and Pesto Pastry
0910f9eb-b1fc-46aa-9a28-5d27bdf2f5ce,Creamy Asparagus Risotto Side Dish,640590,Creamy Asparagus Risotto Side Dish
241950e5-bed2-45b6-978d-0638a8327119,Creamy Chicken Orzo Soup,640619,Creamy Chicken Orzo Soup
90eaebf7-d5bc-4531-834a-e40a56ef1550,Creamy Corn Chowder,641429,Creamy Corn Chowder
1d595890-bb4e-4f93-ba61-ed7c3b3e5033,Crock Pot Beef and Bean Burritos,640851,Crock Pot Beef and Bean Burritos
89d4468e-a093-4be4-974c-753b39b5d821,Cumin-Scented Basmati Rice Pilaf,641034,Cumin-Scented Basmati Rice Pilaf
18ebfcba-4311-499c-b527-fd9b95659a72,Curried Chicken Roll-Ups,641066,Curried Chicken Roll-Ups
45a5df59-5392-4427-8af1-395c86d09175,Curry-Braised Chicken,641145,Curry-Braised Chicken
3f342dea-7c00-4cce-8ec1-f8914bd3476d,Dad’s Breakfast Polenta,641185,Dad’s Breakfast Polenta
aebf2c59-ed1e-4891-81b4-f1f91762790f,Dolsot Bibimbap,641559,Dolsot Bibimbap
f5896be0-b1bb-4fb0-94a4-4da550ec0870,Donkatsu - Korean Breaded Pork Cutlet,641565,Donkatsu - Korean Breaded Pork Cutlet
cef65979-ebfa-4078-983f-e4e8512bec21,Double Blueberry Quinoa Salad,641583,Double Blueberry Quinoa Salad
8535df84-0d94-4c7a-8494-2ef2d8e47460,Dried Prawns Yee Mee Soup,641653,Dried Prawns Yee Mee Soup
334a9c20-3b47-45cf-8043-4321c76cff0c,Dry Mee Siam,641687,Dry Mee Siam
1f073dd5-5b1e-4148-9f09-44bb691ddcc7,Easy Avocado Egg Quinoa Breakfast Bowl,868800,Easy Avocado Egg Quinoa Breakfast Bowl
bdd6136e-9eba-4386-946f-9eb0dd2130c0,Easy Chicken Tandoori,641904,Easy Chicken Tandoori
ace05423-fea2-48fa-bca0-7eb1b534d405,Easy Homemade Rice and Beans,716627,Easy Homemade Rice and Beans
63ce7748-e97b-40cb-9033-0fed46e71918,Easy Instant Pot Beef Tips and Rice,1000566,Easy Instant Pot Beef Tips and Rice
9385f5ad-4f0a-461a-a2c7-1327b2517216,Easy Thai Fried Rice,642125,Easy Thai Fried Rice
654f4e87-729d-4ad8-a148-81f368169a49,Easy Tomato Basil Chicken – One Pot Meal,1070648,Easy Tomato Basil Chicken – One Pot Meal
e5dea495-0ce8-4c1c-a191-62399ee9726d,Easy Weekday Breakfast Muffins,1017374,Easy Weekday Breakfast Muffins
61e26d98-1b75-4a25-a8ac-e6a9f65308eb,"Elegant, Intimate Thanksgiving",53626,"Elegant, Intimate Thanksgiving"
fab468bb-d56f-463c-9276-58abf3976391,Elk Sirloin Tacos With Pickled Jalapeños,642372,Elk Sirloin Tacos With Pickled Jalapeños
9e053f13-0978-4d24-aac5-800580691859,Ethiopian Lentil Curry,642468,Ethiopian Lentil Curry
c46388b9-e9df-4965-851b-edc7f6596541,Everything Bagel Cheese Burger,681713,Everything Bagel Cheese Burger
135359a9-93ec-4ca4-95fc-fd4cc11fa34b,Falafel Burger,642539,Falafel Burger
fbe8fdc0-88a8-4872-9838-ed6f18e3cfc1,"Farfalle with fresh tomatoes, basil and mozzarella",642585,"Farfalle with fresh tomatoes, basil and mozzarella"
aff8cb04-1bc9-43b5-9e26-4cb3f70352aa,"Farfalle with Shrimps, Tomatoes Basil Sauce",642594,"Farfalle with Shrimps, Tomatoes Basil Sauce"
79c05062-8593-4c5c-b2b1-f0a06ea0ec60,Feta Stuffed Burgers,642695,Feta Stuffed Burgers
ea79769a-9f2f-4ee8-96c4-ebc71824793b,Fiesta Rice Salad with Honey Lime Dressing,1098346,Fiesta Rice Salad with Honey Lime Dressing
2c685bc4-edd6-492c-9edd-67ae2cf1a7cc,Fish Pie With Fresh and Smoked Salmon,642977,Fish Pie With Fresh and Smoked Salmon
c823ff46-d174-49b8-9fce-13a92570a4aa,Fluffy frittata with spinach,643150,Fluffy frittata with spinach
ceb7e557-39d6-45f1-8f76-60b6e228e3ba,"Focaccia with Tomato, Green Onion and Garlic",643175,"Focaccia with Tomato, Green Onion and Garlic"
5a65ec3f-d824-4982-a85e-5911ebc39296,French Onion Salisbury Steak,643372,French Onion Salisbury Steak
cd931126-f112-4927-a255-60297bec1592,Fresh Herb Omelette,643514,Fresh Herb Omelette
d5f993d0-c88f-4f5c-866f-d7c613bb6dfc,Fresh Lumpia,643524,Fresh Lumpia
93352ae6-c8b5-43df-8871-1dc46071bc16,"Fresh Quick ""Pickle"" Side Dish",643422,"Fresh Quick ""Pickle"" Side Dish"
3cd1f5a1-d4f6-48f1-bf14-5a4d4a438e56,Fried Bee Hoon/ Vermicelli,643669,Fried Bee Hoon/ Vermicelli
d299ff13-f038-4536-8b24-d7b418062804,Fried Egg Tacos,949421,Fried Egg Tacos
166b3ec4-89e4-4714-8ab9-cbde03adc05a,Fried Wonton,643829,Fried Wonton
8f1e63ec-8c30-43ba-a2a4-ec99fe04a95c,Garbanzo Beans & Greens,644173,Garbanzo Beans & Greens
a32dde67-6d02-4455-af34-e591cfdfef31,Ginger Shrimp and Pepper Stir Fry,644637,Ginger Shrimp and Pepper Stir Fry
259a5520-af49-4b86-a43f-82c6f13468c8,Gluten-Free Lamb Moussaka,644889,Gluten-Free Lamb Moussaka
0b1b444a-7803-4365-a802-0b6f79b9d5f8,Gnocchi and Wilted Spinach Salad,644917,Gnocchi and Wilted Spinach Salad
39a352cd-251d-4cfb-98da-54b3218e6c02,"Greek-Style Baked Fish: Fresh, Simple, and Delicious",716408,"Greek-Style Baked Fish: Fresh, Simple, and Delicious"
be5c488d-1b64-4d32-b385-f460bfe0222d,Green Beans with Pearl Onions and Salmon,645418,Green Beans with Pearl Onions and Salmon
f1613f37-9556-4c62-b002-84b81df04b6b,Green Beans With Roasted Walnuts and Sweet Cranberries,645419,Green Beans With Roasted Walnuts and Sweet Cranberries
c5165934-5bfd-447d-b3bf-d81683352650,Grilled Chicken Burritos With Mojo Sauce and Pico De Gallo Salsa,645642,Grilled Chicken Burritos With Mojo Sauce and Pico De Gallo Salsa
5e9a5e32-ebb4-4f70-8743-c9bf9af6cac2,Grilled Eggplant Sandwich,645706,Grilled Eggplant Sandwich
a73a3f86-d2a8-40fe-accd-a428fd75eda4,Grilled Ham and Swiss Sandwich,645733,Grilled Ham and Swiss Sandwich
0c804eb4-2ba9-4c7f-b617-25382c993508,"Grilled Ham, Cheese and Roasted Red Pepper Panini",645735,"Grilled Ham, Cheese and Roasted Red Pepper Panini"
d81ce0b5-0b87-4c3e-afdb-e2aeb2663ac3,Grilled Kabobs,645742,Grilled Kabobs
be944287-fd9c-4443-ae95-434c662fb3c0,Grilled Salmon Salad With Blood Orange Cilantro Vinaigrette,645849,Grilled Salmon Salad With Blood Orange Cilantro Vinaigrette
24da9b5c-092d-45f8-8c81-5a974e6e3d34,Ground Beef Street Tacos,1505411,Ground Beef Street Tacos
e5d4ffcc-5664-4a61-9027-4f5af4470558,Hawaiian Grilled Cheese,646368,Hawaiian Grilled Cheese
97baf303-1050-4320-bf2f-04d3ce634acc,Healthier Southern-Style Green Beans,646424,Healthier Southern-Style Green Beans
501d4380-6b45-4cb3-9757-dd45eadbbaa3,Healthy Quinoa Salad,1847920,Healthy Quinoa Salad
1338b087-6fb6-41a8-aaea-91e24ede486b,Heirloom Tomato Basil and Olive Oil Wine Sauce over Pasta,646626,Heirloom Tomato Basil and Olive Oil Wine Sauce over Pasta
30aea4db-7531-4d3f-addd-3c082346a0ae,Hoagie Slider Dip,703177,Hoagie Slider Dip
a038916c-2f59-4424-8bfd-6dfc6aca97be,Hot Sliced Beef,647524,Hot Sliced Beef
beced40e-3d9c-4321-8e97-ac27a603d09c,Hot Spicy Cold Noodles,647536,Hot Spicy Cold Noodles
90c28e3f-e3c1-4887-a911-46da013fa1ad,How to Make an Easy Chicken Enchilada,1171085,How to Make an Easy Chicken Enchilada
64da25d4-cea6-4d0d-821e-9b8e77f4f7a1,Huevos Rancheros,647608,Huevos Rancheros
ed56accb-4cef-4b7f-ae38-85d2a0f865b7,Hummus Deviled Eggs,647627,Hummus Deviled Eggs
0095dc09-69cd-44df-b2ba-2296defc9600,Hummus Wrap With Carrots and Cucumbers,647638,Hummus Wrap With Carrots and Cucumbers
711af6eb-705f-4ecb-b0b5-4ebdd720ec9f,Hungarian Beef Goulash,647645,Hungarian Beef Goulash
8b3073cd-b801-4bcf-920e-af9ec75a7297,Hydrabadi Dum Biriyani,647681,Hydrabadi Dum Biriyani
360cda44-18c6-4423-b647-1fc4b242815f,Indian-Style Eggs On Toast,647876,Indian-Style Eggs On Toast
357ab73a-09df-410f-85db-f5c338eebe20,Instant Pot Quinoa Grain Bowl,982371,Instant Pot Quinoa Grain Bowl
60b693e1-7398-42c7-a5d7-9ff1313e7961,Itty Bitty Burgers,648303,Itty Bitty Burgers
664fce4b-6ff2-4a91-af1c-9b79f68ea3aa,Jambalaya Soup,648430,Jambalaya Soup
af808dd6-d859-440b-9409-db22f873332c,Jamie's Guacamole,648439,Jamie's Guacamole
bab6b2a3-82a0-4b78-934c-1bdfe7730dbf,Japanese Clear Soup,648462,Japanese Clear Soup
3df739fe-2093-4a94-8633-34851ce995f1,Japanese Mabo Tofu With Eggplant,648479,Japanese Mabo Tofu With Eggplant
1c26d4f6-f9d9-4ef3-9c81-5079e61d927a,Japanese Mushroom Noodle Soup,648483,Japanese Mushroom Noodle Soup
49a3365d-2b02-46f8-8959-790a6e1ab0fa,Japanese Noodle Soup,648481,Japanese Noodle Soup
81763656-ab7c-432e-ae78-11e61ff82ebd,Japanese Steamed Sweetcorn Bun,648502,Japanese Steamed Sweetcorn Bun
f9695652-e2ad-40e5-87a0-cf90d6388bed,Japanese Style Curry,648470,Japanese Curry Puffs
c2131fc7-0769-4e17-9cd7-5db676b7dac4,Jewish Mandlebrot,648587,Jewish Mandlebrot
07d041f8-4b65-4e84-a295-ac94b89f59c3,Jojo's Potato Pancakes,648608,Jojo's Potato Pancakes
ae5a6de6-eb7e-41e2-b3f7-d1a2a9587c0a,Jordanian Mansaf,648615,Jordanian Mansaf
47915560-b628-4312-a483-515706d9456e,Kale Bruschetta,648715,Kale Bruschetta
e5945bf9-7dc8-4808-895e-a2b2ac90858f,Kale Rolls,157961,Kale Rolls
66ee39db-6e86-4ca4-8044-b393ede7c477,Kale With Red Onion,648729,Kale With Red Onion
0a30801b-f9c5-48ad-a330-a1b618a5d982,Kappa Maki,648742,Kappa Maki
c3d93615-fbad-41d0-9830-18eae3f61b4a,Kare Katsu,648749,Kare Katsu
b1867be7-c8c5-4a5f-a6b1-f4c482be30d5,Kerabu Rice (Rice Salad),648822,Kerabu Rice (Rice Salad)
ecf3464e-aaee-4cec-8eb0-834875c70490,khichdi recipe,765725,khichdi recipe
bbd3ff12-a50b-4b1a-83b7-0a7736cb885f,Kickin’ Vegan Quesadillas,648875,Kickin’ Vegan Quesadillas
0a50502c-3747-4a9e-bc66-4302fbe977c4,Kiwi Popsicles – Summer Popsicle Series,715412,Kiwi Popsicles – Summer Popsicle Series
5fa5671b-d7f6-4502-bbdd-1787b65786d5,Korean Bibimbab (Rice w Vegetables & Beef),649031,Korean Bibimbab (Rice w Vegetables & Beef)
090407d7-ad74-42b0-abbf-c1b57c136615,Korean Saewoo Bokkeumbap (Shrimp Fried Rice),649073,Korean Saewoo Bokkeumbap (Shrimp Fried Rice)
d0635c79-718b-4bd9-9439-1e28f317b9c4,Laksa Lemak,649175,Laksa Lemak
bb9d0b2b-387f-42d8-9a0d-5987b89f2587,Lamb and Bacon Burgers,649182,Lamb and Bacon Burgers
ee6cff6d-0ac1-40cc-b47f-f4141e44494f,Lamb and Mushroom Stew,649186,Lamb and Mushroom Stew
d8ec3130-aee4-4dcc-96a4-1fa9616fb4b5,Lamb Pie,649229,Lamb Pie
fd51648a-8aac-41d6-96d0-bcc9973933d7,Lasagna - Using Uncooked Noodles,649271,Lasagna - Using Uncooked Noodles
84fa1d8e-3a56-4d69-be4e-779a135a08d3,"Laura Calder's Halibut With Brown Butter, Crushed Chickpeas With Olives and Roasted Cumin Carrots",649307,"Laura Calder's Halibut With Brown Butter, Crushed Chickpeas With Olives and Roasted Cumin Carrots"
d2f82e5f-4025-49bd-a063-18cab3ccbc8e,Lean Shepherd's Pie,649395,Lean Shepherd's Pie
1bc0efb3-59d0-45af-8b0d-b2d596ec8b8c,Learning to live healthier,715596,Learning to live healthier
431547e1-911a-4593-9d2a-d9b6450f32c1,Lebanese Lentil Soup,649405,Lebanese Lentil Soup
8fedd604-954b-4f1f-828c-fcad520a8264,Lebanese Stuffed Grape Leaves,649415,Lebanese Stuffed Grape Leaves
2a69791d-247c-46ba-84ba-ef7ac9c986fc,"Lemon ""Cream"" With Fresh Raspberries",649476,"Lemon ""Cream"" With Fresh Raspberries"
137d89a1-d8cd-4984-a7f7-9a23b6a47e08,Lemon Pilaf Chicken,649733,Lemon Pilaf Chicken
535347ce-b10e-459d-8f3a-291115d065d3,Lemony Brown Rice With Baby Spinach,649882,Lemony Brown Rice With Baby Spinach
490739dc-ad1f-4e02-9fba-fc1c0d31868a,Lentil Apricot Soup With Roasted Kale,649908,Lentil Apricot Soup With Roasted Kale
49016838-c796-46b2-ad48-ebd60e37b81b,Light and Chunky Chicken Soup,649985,Light and Chunky Chicken Soup
d1f20ea9-94a4-4a09-b4c4-408de6cb64b7,Linguine E Americana,650126,Linguine E Americana
ada9f706-10fd-44de-96bb-06279f348385,"Linguine with Prawns, Fresh Tomatoes and Spinach",650139,"Linguine with Prawns, Fresh Tomatoes and Spinach"
00950331-5a4b-469a-a794-5c2f05a322d7,Loaded Macaroni Salad,1697647,Loaded Macaroni Salad
0c27cf1a-7ea3-4954-a5c7-df63e568e45a,Majorcan Toasts,650646,Majorcan Toasts
162fc6b0-3b2d-4b1f-9735-641b230b28b3,Masala-Tofu Burger,651190,Masala-Tofu Burger
1f5ab22e-a2fb-4abf-b244-83e4564213c5,Meatball Sliders,651341,Meatball Sliders
68050c20-0096-4d64-a93b-f93a1fd7cdf4,Meatball Subs,651342,Meatball Subs
d1b10431-4020-4898-81db-60f62dc17eb6,Meatball Vegetable Soup,157963,Meatball Vegetable Soup
89004dff-b3ec-4cd4-a454-7901b4f346c8,Melt Your Heart,665823,Melt Your Heart
87968de0-f47f-4cd9-862b-da4c7334e896,Mexican Fiesta Salad Pizza,651624,Mexican Fiesta Salad Pizza
7d780e5b-cf5a-4bef-a788-04a439b90898,Mexican Lasagna with Chicken & Black Bean,651646,Mexican Lasagna with Chicken & Black Bean
fcae3faf-3b9d-4177-bf46-146b2a0f3d55,Mini Meatball & Ravioli Soup With Garlic Croutons,651965,Mini Meatball & Ravioli Soup With Garlic Croutons
1fae62e9-f486-41fa-9ded-dbc18256879c,Miso Eggplant Gratin,652059,Miso Eggplant Gratin
540b75e5-82ea-456a-8ba4-f7e48e5acca5,Miso Soup With Thin Noodles,652078,Miso Soup With Thin Noodles
12a85c4c-7c60-459f-9d1c-835a3e1a7450,Mommie's Seafood Enchiladas,652330,Mommie's Seafood Enchiladas
e82da354-903e-4f9c-8810-eab290f20877,Morning Banana Split,511697,Morning Banana Split
b3520a57-174c-45b4-84f5-47147fbca0a8,"Mulligatawny - Quick, Curried Soup Using Trader Joe's Ingredients",652576,"Mulligatawny - Quick, Curried Soup Using Trader Joe's Ingredients"
8d97f3e7-9bcb-471c-b0b4-26f1f7ca4e12,Mung Bean Sprout and Quinoa Salad,652594,Mung Bean Sprout and Quinoa Salad
e40ac835-05dd-443e-9ae9-c7fa33cfa16b,Mushroom Tofu Stew,652706,Mushroom Tofu Stew
a0e1d306-3437-47cc-8762-9fe5ea7ac666,Neoguri (Spicy Seafood Ramen),653008,Neoguri (Spicy Seafood Ramen)
50ee5161-55de-44ad-b117-524706e3eac5,New Years Day Black Eyed Peas,653072,New Years Day Black Eyed Peas
be135cd9-556d-4f41-ae42-ecd02ffab2f3,North African Chickpea Soup,653275,North African Chickpea Soup
5d7dba95-8c33-4b8d-aea6-b27b2ca23ac8,Nummy Noodle Soup,653322,Nummy Noodle Soup
c0884f9b-1712-4a08-a132-d29b2dfb394e,Nutrient rich green peas cookies,653374,Nutrient rich green peas cookies
1eb39b95-6543-4aa1-bd96-541034d37dde,Old-Fashioned Potato Salad,653611,Old-Fashioned Potato Salad
396916da-3e41-4a9d-a01b-6b3b4435f670,"Orecchiette with Brown Butter, Broccoli, Pine Nuts, and Basil",654008,"Orecchiette with Brown Butter, Broccoli, Pine Nuts, and Basil"
87fbc313-f182-4e27-b910-e5f7539c4df8,Orecchiette With Sun-Dried and Fresh Cherry Tomatoes,654009,Orecchiette With Sun-Dried and Fresh Cherry Tomatoes
87c9020a-df66-4c50-a3e2-f4dfd64cdd0a,Organic Berry Crostata,654045,Organic Berry Crostata
45441811-2cd9-4f5d-9dfe-09a0f3996ae5,Pad Se Ew Tofu With Vegetable Noodles,654318,Pad Se Ew Tofu With Vegetable Noodles
7a5c5e47-9b3e-4f18-ac77-33e654054b79,Paella for Four; A Wonderful Spanish Mixed Seafood Stew,654327,Paella for Four; A Wonderful Spanish Mixed Seafood Stew
2fe5a03c-3174-4cb9-ac1d-2a8c3aa2709d,Pakistani Rice,654361,Pakistani Rice
e1a40c7e-d899-41a4-bf34-2c2a8bb337d2,Palak-tofu (bean curd),654379,Palak-tofu (bean curd)
5faa99eb-4637-4458-b0ea-2eb7b952db50,Pan-Fried Stuffed Tofu With Oyster Sauce,654460,Pan-Fried Stuffed Tofu With Oyster Sauce
0fea5b10-69a3-41c8-8c8c-b7175dc5ddb6,Pancit Bihon (Filipino Pancit),654504,Pancit Bihon (Filipino Pancit)
60361dbf-daf4-433d-a0f5-78d3d7768201,Pancit Sotanghon Guisado,654510,Pancit Sotanghon Guisado
619e63f8-7287-489d-9306-ffdad4fb83e3,Party Quiches,654744,Party Quiches
5c85dc5e-9265-48bf-87fb-380f6b13a80a,Pasta,715748,Pasta
d7cc16b2-ca7f-4d59-b92a-62849f39a830,Pasta All'arrabbiata,654796,Pasta All'arrabbiata
c5522525-09c8-4da9-b5df-dc551e69616d,Pasta Margherita,511728,Pasta Margherita
959daf42-3615-4506-b6b0-f01ab1a509f8,Patti's Paella,655017,Patti's Paella
c862e3ee-e357-419a-bfda-2e715daf7503,Pea Soup With Smoked Pork Ribs,655055,Pea Soup With Smoked Pork Ribs
8dbfe570-771a-4fcb-bfff-9ed6a321cfb3,Peking Chicken,655550,Peking Chicken
02b4bd87-5f8d-4ae5-9266-4377b03b562d,Penne Arrabiata,655573,Penne Arrabiata
283c2b91-030c-4a6d-a912-eda9cf64e4d6,Penne Pasta with Broccoli and Cheese,655575,Penne Pasta with Broccoli and Cheese
01c47b20-e343-4504-b073-24c5168fc69a,"Penne with Sausage, Tomatoes and Potatoes",655601,"Penne with Sausage, Tomatoes and Potatoes"
df8212ba-e18f-492d-888a-a0b121678bcf,Peppered Goat Cheese Log Sliders,655649,Peppered Goat Cheese Log Sliders
edede68b-1d22-4950-bcc2-522feb60ffb1,Pesto Fresh Caprese Sandwich,655822,Pesto Fresh Caprese Sandwich
71bc7e8e-b309-4a3d-9639-bc19c566f247,Plantain Salad,729366,Plantain Salad
f31ec2a0-ea20-4cdc-9ff1-c337d414ac33,Poached Egg With Spinach and Tomato,656481,Poached Egg With Spinach and Tomato
b56e3d31-9664-41c7-bbe1-ca12149b72ce,Poached Prawns with Fettuccine and French String Beans,656506,Poached Prawns with Fettuccine and French String Beans
0b09dbf8-4f25-4b66-b3f7-b08b12fb9bce,Polenta gnocchi with savoy cabbage and cheese,656544,Polenta gnocchi with savoy cabbage and cheese
5af8f7c3-a376-4b5d-b98f-98c74222ae3f,Pork Patty Bánh Mì,656795,Pork Patty Bánh Mì
193e5829-136c-4db2-b332-c953fcbb4eae,Pork-Stuffed Tofu With Tomato Sauce,656855,Pork-Stuffed Tofu With Tomato Sauce
3a6932fd-dcf8-4ab2-96c9-afb2dffb5941,Portobello Baked Eggs,157960,Portobello Baked Eggs
7ea4fe6c-5823-4601-b166-45fbe75d90ae,Quick Chicken Enchilada Soup,657579,Quick Chicken Enchilada Soup
7c85d8eb-c907-4a2a-90d2-b9bcefe3ecf3,Quinoa and Chickpea Salad with Sun-Dried Tomatoes and Dried Cherries,716004,Quinoa and Chickpea Salad with Sun-Dried Tomatoes and Dried Cherries
aef3c52e-3d78-4bc8-b5da-a179a91142af,"Quinoa Salad With Avocado, Asparagus and Sun Dried Tomatoes",657679,"Quinoa Salad With Avocado, Asparagus and Sun Dried Tomatoes"
75fa724e-eb4d-4360-93c6-a3ca65509637,Quinoa Stuffed Mushrooms,657682,Quinoa Stuffed Mushrooms
19c90f39-782a-4df8-a992-e396301419bc,Quinoa Tabbouleh Salad,657686,Quinoa Tabbouleh Salad
438b4566-cac6-4aa5-b6f9-ce5be55ff3bf,Quinoa Tabouli with Lemon Garlic Grilled Shrimp,657689,Quinoa Tabouli with Lemon Garlic Grilled Shrimp
6db42115-5ba9-4ddc-9e47-964e4991b2c5,"Quinoa, Tomato, Green Onion Side Salad",657698,"Quinoa, Tomato, Green Onion Side Salad"
b0d677f1-fdf7-4adc-884b-04aadf3a89a1,Rice noodle salad with sesame oil dressing,658269,Rice noodle salad with sesame oil dressing
050c0b77-fd9b-448d-bd7b-3cc8c82c88f8,Rice Noodles With Wonton/chinese Ravioli In Mushroom Sauce,658270,Rice Noodles With Wonton/chinese Ravioli In Mushroom Sauce
f6044de7-f71a-4514-8bcf-638221262baf,Roasted Broccoli with Lemon and Garlic,658509,Roasted Broccoli with Lemon and Garlic
b0d2c223-6e19-4172-b952-5b933a4f2454,Roasted Butterflied Chicken w. Onions & Carrots,716427,Roasted Butterflied Chicken w. Onions & Carrots
c2958782-99a4-4f95-9a75-839d26fe5941,Roasted Sweet Potato and Quinoa Soup,658675,Roasted Sweet Potato and Quinoa Soup
54f26e44-5ef4-45f1-b33c-3cc9a7918241,Roll Up Eggplant Lasagna,658743,Roll Up Eggplant Lasagna
f9dbf3cc-71b4-47e4-b47b-c0106430edea,Roma Tomato Bruschetta,658753,Roma Tomato Bruschetta
b90ec08f-4703-4a90-b39a-bccbba5d20d3,Salad Nicoise,659006,Salad Nicoise
ffcb68da-642f-4fa9-9d42-d78173a31cae,Salmon En Papillote With Mangos and Orange Suprêmes,659069,Salmon En Papillote With Mangos and Orange Suprêmes
4ad517d2-4505-477f-816c-ba15195e02d1,Salmon Frittata,659081,Salmon Frittata
4e5a096f-5663-4e39-94fa-6512c16011da,Salmon Quinoa Risotto,659109,Salmon Quinoa Risotto
fafc5261-d9de-4788-9bf5-a47183977405,"Sausage, Spinach, and Quail Egg Breakfast Salad",659396,"Sausage, Spinach, and Quail Egg Breakfast Salad"
4b8a243b-adca-4d14-9685-d6a94aa31c22,Savory Slow Roasted Tomatoes with Filet of Anchovy,631757,Savory Slow Roasted Tomatoes with Filet of Anchovy
a3bc7f0d-3fd9-40e0-a3ea-5e7433f2441c,Scrambled tofu with rocket,659604,Scrambled tofu with rocket
766fc0af-a3f6-4999-b86e-a1b527b6285b,Seared Ahi Tuna Salad,13073,Seared Ahi Tuna Salad
5cb0e982-4a47-4aec-8498-a22acc50efe1,Semi Ripe Plantain Pottage,716370,Semi Ripe Plantain Pottage
f599f7da-7540-4272-9e30-15637075cdc8,"Serbian Raznjici - Kebabs With Pork, Bacon, Onion and Sweet Pepper",659742,"Serbian Raznjici - Kebabs With Pork, Bacon, Onion and Sweet Pepper"
18a0f5f1-dbcd-4cee-a82d-eb5ef56a1f46,Shrimp pasta with white wine tomato cream sauce,659988,Shrimp pasta with white wine tomato cream sauce
959ea16f-2a15-4a80-b90b-bd2fab79917a,Shrimp With Scallop Pasta,660019,Shrimp With Scallop Pasta
921821f7-c882-4db6-8bf8-9aee59b6c7c0,"Shrimp With Tomatoes, Feta, and Pine Nuts",660021,"Shrimp With Tomatoes, Feta, and Pine Nuts"
0a830a21-a6b3-4307-90ae-f7904e07aa1b,"Shrimp, Bacon, Avocado Pasta Salad",667704,"Shrimp, Bacon, Avocado Pasta Salad"
2febd4b1-dbd2-4891-8b2d-c15f3bf7df03,Siamese Fried Noodle (Mee Siam),660048,Siamese Fried Noodle (Mee Siam)
f3550e45-ac43-4b92-9447-cf735faa04d5,Simple lentil soup,660109,Simple lentil soup
54ee1c5f-bf40-42b5-98f5-8ee0e76cad65,simple potato salad + bacon + onion,660126,simple potato salad + bacon + onion
7a9e263a-57e4-4249-b7b3-fec7eee0aaf9,Simple Roast Chicken,660133,Simple Roast Chicken
42388491-e25f-4f78-9e11-b03ad69df338,Simple Spinach and Tomato Frittata,769775,Simple Spinach and Tomato Frittata
07338cd4-ce00-4d19-a715-3e80c1d26f7a,Slow Cooker Beef Stew,715446,Slow Cooker Beef Stew
50e99e9c-9deb-4018-8ced-7db369a6e0b3,SLOW COOKER CHICKEN GUMBO SOUP,660283,SLOW COOKER CHICKEN GUMBO SOUP
c7fe6586-ddf7-4c1e-8dd6-487d07d0ebde,Slow Cooker Chicken Verde Enchilada,660286,Slow Cooker Chicken Verde Enchilada
8c2b7019-d658-4c8f-a390-abfe3da795c2,Slow Cooker Salsa Verde Chicken Tacos,713957,Slow Cooker Salsa Verde Chicken Tacos
d2410b65-ed99-413c-b7d7-1fffb2ab3197,Slow Cooker Taco Stew,685023,Slow Cooker Taco Stew
d8e653cf-b7e0-449c-bc3e-6cf1f0fa2778,Slow-Roasted Tomatoes,660313,Slow-Roasted Tomatoes
875e1a1e-db39-4be0-8c6e-045ef0ae91d0,Smoked Salmon Fettuccine,660370,Smoked Salmon Fettuccine
024e5c03-e92d-46a8-95e5-1ee7ee06e75b,Smoothies,715732,Smoothies
319db3bb-f34b-4c1f-a706-f9325cc33e54,Spicy Lemongrass Soup,661121,Spicy Lemongrass Soup
0d01f60e-f343-409f-af5c-e9b5af80e61a,"Spicy lentil and black rice soup with kale, spinach and leek",661122,"Spicy lentil and black rice soup with kale, spinach and leek"
b69af3fc-6f26-4fc7-9bf7-ecf1a6142ffe,Spicy Vegan Chili,661223,Spicy Vegan Chili
7e7c8238-d67d-49da-a811-6a0832704501,Spinach Chickpea - Palak Chana Rice,661287,Spinach Chickpea - Palak Chana Rice
470f580f-06f7-4918-bdf8-438f606424ce,Spinach Kugel,661302,Spinach Kugel
60a19cac-08c6-417a-a9b8-9f93d01f366f,"Spring Risotto with Shrimp, Asparagus and Artichoke Hearts",661427,"Spring Risotto with Shrimp, Asparagus and Artichoke Hearts"
8ce3b670-190c-4da1-b482-9080ef53af6c,Steamed Chicken With Soy-Ginger Sauce,661556,Steamed Chicken With Soy-Ginger Sauce
a78ce31e-4841-4ec0-bf0c-2559905ca3b2,Steamy Creamy Mushroom Risotto,157375,Steamy Creamy Mushroom Risotto
ec120724-3327-47c8-865a-2fd159504872,Strawberry and Chocolate Chip Panini,661741,Strawberry and Chocolate Chip Panini
74131c57-c397-405c-9431-f6b076cf7bb0,Strawberry And Vanilla Cream Bread Pudding with Toasted Coconut,661751,Strawberry And Vanilla Cream Bread Pudding with Toasted Coconut
f3b3eab6-1c67-4c3b-91d2-a401f96354a0,Stuffed Buttercup Squash- Whole Grain Rice & Chicken,803364,Stuffed Buttercup Squash- Whole Grain Rice & Chicken
1b8fe3a1-81a0-493e-9d0e-061488db160b,Stuffed Shells with Beef and Broc,157426,Stuffed Shells with Beef and Broc
15b175d4-f8f1-48e9-bcef-a70fd84e6a20,Summer Berry Pudding,662208,Summer Berry Pudding
731cf7b1-9af8-44a3-8e02-832e6dc8da94,"Summer Ricotta Flatbread w Cucumber, Tomato & Scallion",681708,"Summer Ricotta Flatbread w Cucumber, Tomato & Scallion"
1e306c87-9c1b-4e93-9505-e4c51baf7e23,Summer Rolls,662243,Summer Rolls
016fdfd7-a5d2-453b-a63d-1e6c4f17b0f8,Sun Dried Tomato and Herb Baked Eggs,662276,Sun Dried Tomato and Herb Baked Eggs
feace78e-bdeb-41ea-b8fb-c7c38fe6da0e,Sun-Dried Tomato and Leek Quiche,662291,Sun-Dried Tomato and Leek Quiche
9ef1cc2f-78ff-47ce-a351-8a57f2d43911,Sweet-N-Smoky Salmon With Ginger Mahogany Rice,662654,Sweet-N-Smoky Salmon With Ginger Mahogany Rice
ed94f6de-7ea5-43f6-8d29-33640712e433,"Sweet, Spicy Cherry Tomato Pasta",662649,"Sweet, Spicy Cherry Tomato Pasta"
1230237e-9354-4542-b3a4-ce3cb6fd5c4e,Taco Casserole,1098303,Zesty Taco Casserole
30f1ad4a-a434-4d55-9672-1f35ae0404b8,Thai Chopped Chicken Salad Quinoa Bowls,682659,Thai Chopped Chicken Salad Quinoa Bowls
53fa5b64-0cd4-4ed7-bb10-163e343faa99,Thai Sausage Salad,663149,Thai Sausage Salad
3775ae3b-faab-4491-9181-b6ff172a9a99,The Blarney Burger,663252,The Blarney Burger
e6c005e1-a93f-4b76-945a-d4a54e64fcf1,"Toasted"" Agnolotti (or Ravioli)",631807,"Toasted"" Agnolotti (or Ravioli)"
b17d49a3-5c78-4ea3-b85f-241637ada9e9,Tomato and Bacon Pizza With Rice Crust,663553,Tomato and Bacon Pizza With Rice Crust
fc628d64-605f-42d9-9f0a-54b9b1b11adc,Tomato Free Mexican Lasagna,663595,Tomato Free Mexican Lasagna
5b315e5b-4282-4ab1-95c1-ae542bc32a76,Tortilla Burger Loco Vaca,622825,Tortilla Burger Loco Vaca
81612bf3-915e-44dd-97a7-7f3351e658b0,Traditional Panzanella,663771,Traditional Panzanella
1d9ad388-5391-40c8-ba51-64d609fe0b15,Tricolor Rotini pasta Salad,663813,Tricolor Rotini pasta Salad
0ac82efc-b13a-42ca-a16e-2dbe4d9294a5,Trinidad Callaloo Soup,663822,Trinidad Callaloo Soup
7f60c7c6-b4f9-4534-9391-04169dde965e,Tuna Sandwich Savory Cake (Swedish Smörgåstårta),1095945,Tuna Sandwich Savory Cake (Swedish Smörgåstårta)
4e86e6bf-1969-482a-841d-8e6f9520bdc9,Tuna Stuffed Cherry Tomatoes,663948,Tuna Stuffed Cherry Tomatoes
5325a1c6-d205-4502-8f7e-bdae60730df1,Turbo Chicken,663971,Turbo Chicken
aac3e3d9-21c7-4cde-bf98-7fd3ebd0c039,Turkey Ranch BLT,1095992,Turkey Ranch BLT
84774565-83b8-4986-a1c4-612db31469c4,Udon Noodles Chicken Tempura,664206,Udon Noodles Chicken Tempura
6b0beb8c-ff89-466e-8b91-19750f798313,Vanilla Yogurt Mousse With Strawberry Marshmallow,664340,Vanilla Yogurt Mousse With Strawberry Marshmallow
4646f828-6fd9-4c95-9d17-a6befcc29ebb,"Vegan Black Rice, Baked Tofu and Avocado Bowl",664394,"Vegan Black Rice, Baked Tofu and Avocado Bowl"
0a04f952-5572-4efd-87bb-78065a968293,"Vegan Lemon-Berry ""Cheese""Cake",664449,"Vegan Lemon-Berry ""Cheese""Cake"
1d7cb53d-de54-4a57-8ed5-0f6d24966611,Vegan Stuffed Portobello Mushroom over Quinoa,664491,Vegan Stuffed Portobello Mushroom over Quinoa
193934da-9336-44de-8dbd-561948e60113,Vegetable Bibimbap,664523,Vegetable Bibimbap
9c2e1711-0aa0-4f31-8c5c-9c8107901dc1,Vegetables,715754,Vegetables
1dfa8dd6-d5a0-4a91-9c21-7793776836c0,Vegetarian Burgers,664643,Vegetarian Burgers
01298512-1185-4b83-a21a-f942ea3fbbaa,Vegetarian Burgers,664643,Vegetarian Burgers
9f1bbe02-6e4f-4cd6-b8c4-1d082d27dbea,Vegetarian Burgers,664643,Vegetarian Burgers
7bf24e8b-e673-45ac-be71-bc764f8b5125,Vegetarian Falafels,664658,Vegetarian Falafels
fe5a9fb5-6c79-4139-acb6-0e1c64405d20,Vegetarian Serbian Rice Pilaf,664699,Vegetarian Serbian Rice Pilaf
1796dbfa-282b-4d49-a240-496334b4b5be,Vegetarian Tostadas,664718,Vegetarian Tostadas
1909ea26-4346-47fc-8b76-2aa8dee7396f,Vegetarian Tostadas With Spicy Black Beans (+gluten free),664726,Vegetarian Tostadas With Spicy Black Beans (+gluten free)
597267ae-f61f-490d-b8ec-3b09d56d1586,Venison Meatloaf with Blackberry BBQ Sauce and Buffalo Sweet Potato/Pumpkin Hash,664780,Venison Meatloaf with Blackberry BBQ Sauce and Buffalo Sweet Potato/Pumpkin Hash
9b52528a-9aca-4d36-9fb8-efce767b3fc0,Vietnamese Noodle Salad With Tofu,664835,Vietnamese Noodle Salad With Tofu
e8b356fd-5705-4992-bc9a-3078eeae3f6f,Vietnamese Spring Rolls,664847,Vietnamese Spring Rolls
10f3e841-4fc4-42a9-b01e-f90c1e794894,Vietnamese Spring Rolls With Hoisin Peanut Dipping Sauce,664845,Vietnamese Spring Rolls With Hoisin Peanut Dipping Sauce
ec1467db-e071-45c6-8b9e-35de1fcec7f9,Walnut Lentil Burgers with Tarragon,664929,Walnut Lentil Burgers with Tarragon
09369bd8-610b-4235-ab5f-b79c2e772714,What to make for dinner tonight?? Bruschetta Style Pork & Pasta,715538,What to make for dinner tonight?? Bruschetta Style Pork & Pasta
5c2ec889-9896-44a5-9051-8cb624cf4661,Whole 30 Slow Cooker,795512,Whole 30 Slow Cooker
5eceba5e-1c92-42b9-b4cc-9646d228b41b,"Wild Rice With Bacon, Mushrooms & Green Onions",665344,"Wild Rice With Bacon, Mushrooms & Green Onions"
5339783e-0721-455f-8778-f3307ac90273,Yakhni Puloa,665491,Yakhni Puloa
ace85ccc-08f0-4db5-a478-c96205914040,Your Basic Low Carb Breakfast,1747693,Your Basic Low Carb Breakfast
3c412d3e-d652-4630-a6fd-7f50b5c30e29,Zomppa's Spicy Beef Noodle Soup,665685,Zomppa's Spicy Beef Noodle Soup
bc4560ba-d301-4ca0-a6be-79abd7b85fd7,Zucchini Burgers with Lemon Herb Yogurt Sauce,665721,Zucchini Burgers with Lemon Herb Yogurt Sauce